Dept,#,Sec,Term Part,CRN,TITLE,Approval Required,Cross Listed,Max Enroll,Actual Enroll,Faculty,Credits,Days1,Time1,Loc1,Days2,Time2,Loc2,Days3,Time3,Loc3,Notes
ACC,101,1,1,10471,ACCOUNTING I,,,38,0,Noel Garrett,4,T R,1025-1140,,,-,,,-,,.
ACC,201,1,1,10472,ACCOUNTING II,,,38,0,Noel Garrett,4,T R,0900-1015,,,-,,,-,,.
AFR,165,1,1,10368,AFRO-CARIBBEAN DANCE I,,Y,38,0,Rosemarie Roberts,4,M W,1315-1430,CRO   MYERS,,-,,,-,,.
AFR,202,1,1,10535,CC: AFRICANA STUDIES MATTER,,Y,38,0,David Canton,4,T R,1315-1430,,,-,,,-,,.
AFR,208,1,1,10598,RACE/GENDER AND THE MASS MEDIA,,Y,28,0,Cherise Harris,4,T R,1445-1600,,,-,,,-,,.
AFR,224,1,1,10599,"HUMAN RIGHTS, MEDIA & ACTIVISM",,Y,28,0,Tristan Borer,4,T R,1150-1305,,,-,,,-,,.
AFR,260,1,1,10511,ANTHROPOLOGY OF THE CARIBBEAN,,Y,28,0,Catherine Benoit,4,T R,1025-1140,,,-,,,-,,.
AFR,304,1,1,10090,HIST OF HIP HOP MUSIC & CULTUR,,Y,18,0,David Canton,4,T R,0900-1015,,,-,,,-,,.
AFR,379,1,1,10586,BLACK POETICS,,Y,18,0,Hubert Cook,4,M W,1315-1430,,,-,,,-,,.
ASL,101,1,1,10006,ELEM AMERICAN SIGN LANGUAGE I,,,28,0,. To Be Assigned,4,M W F,1315-1405,,,-,,,-,,.
AMS,231,1,1,10503,USA PLAYS/AMERICAN DRAMA,,Y,18,0,Ken Prestininzi,4,M W,1315-1430,,,-,,,-,,.
AMS,232,1,1,10589,DISABILITY JUSTICE,,Y,25,0,Karen Hanna,4,T R,1025-1140,,,-,,,-,,.
AMS,253,1,1,10113,CHINESE AMERICAN LITERATURE,,Y,28,0,Yibing Huang,4,T R,1445-1600,,,-,,,-,,.
AMS,276,1,1,10601,CC:PRESIDNCY:WHITE HOUSE 20500,,Y,28,0,MaryAnne Borrelli,4,M   F,1150-1305,,,-,,,-,,.
AMS,379,1,1,10585,BLACK POETICS,,Y,18,0,Hubert Cook,4,M W,1315-1430,,,-,,,-,,.
AMS,428,1,1,10095,DEBATING CHINA'S GLOBALIZATION,,Y,16,0,Sarah Queen,4,T R,1315-1430,,,-,,,-,,.
AMS,465,1,1,10098,GLOBALZTN & AM CUL SINCE 1945,,Y,16,0,Catherine Stock,4,T,1315-1600,,,-,,,-,,.
ANT,103,1,1,10520,"GENDER, SEXUALITY, AND INTESEC",,Y,28,0,Ariella Rotramel,4,T R,1445-1600,,,-,,,-,,.
ANT,114,1,1,10258,CC: POWER AND INEQUALITY,,,28,0,Joyce Bennett,4,M W,1025-1140,,,-,,,-,,.
ANT,117,1,1,10304,CC:COEVOLUTION PLANTS & PEOPLE,,Y,28,0,Manuel Lizarralde,4,T R,1025-1140,,,-,,,-,,.
ANT,166,1,1,10369,AFRO-CARIBBEAN DANCE I,,Y,38,0,Rosemarie Roberts,4,M W,1315-1430,CRO   MYERS,,-,,,-,,.
ANT,206,1,1,10062,INTRODUCTION TO AFRICAN ART,,Y,35,0,Christopher Steiner,4,T R,1025-1140,CUM   307,,-,,,-,,.
ANT,207,1,1,10602,SEM: INDIG USE TROP RAINFOREST,,Y,12,0,Manuel Lizarralde,4,W,1315-1600,,,-,,,-,,.
ANT,234,1,1,10311,S AMER CULTURES & ENVIRONMENT,,Y,28,0,Manuel Lizarralde,4,M W,0900-1015,,,-,,,-,,.
ANT,256,1,1,10508,“MIGRATION CRISIS” IN EUROPE,,Y,28,0,Catherine Benoit,4,T R,1315-1430,,,-,,,-,,.
ANT,260,1,1,10510,ANTHROPOLOGY OF THE CARIBBEAN,,Y,28,0,Catherine Benoit,4,T R,1025-1140,,,-,,,-,,.
ANT,297,1,1,10271,ANTHROPOLOGISTS ABROAD,,,10,0,Rachel Black,2,W,1900-2145,,,-,,,-,,.
ANT,298,1,1,10273,ANTHROPOLOGISTS ABROAD,,,10,0,Rachel Black,2,W,1900-2145,,,-,,,-,,.
ANT,316,1,1,10117,SEX AND POWER IN JAPAN,,Y,28,0,Ayako Takamori,4,M W,1445-1600,,,-,,,-,,.
ANT,319,1,1,10274,MEDICAL ANTHROPOLOGY,,,28,0,Catherine Benoit,4,M W,1315-1430,,,-,,,-,,.
ANT,320,1,1,10275,ANTHRO OF SEXUALITY & GENDER,,Y,28,0,Joyce Bennett,4,M W,1445-1600,,,-,,,-,,.
ANT,393,1,1,10278,DISCARD(-ERS)(-ING)(-ABLES),,Y,18,0,Anthony Graesch,4,T R,1445-1600,,,-,,,-,,.
ARA,102,1,1,10039,ELEMENTARY ARABIC,,,18,0,Waed Athamneh,5,M W F,0900-1015,,,-,,,-,,.
ARA,202,1,1,10040,INTERMEDIATE ARABIC,,,18,0,Waed Athamneh,4,M W F,1025-1115,,,-,,,-,,.
ARA,230,1,1,10479,INTRO TO ARABIC LIT (IN ENG),,,28,0,Waed Athamneh,4,M   F,1150-1305,,,-,,,-,,.
ARC,103,1,1,10056,CC: BUILDING CULTURES,,Y,28,0,Anna Vallye,4,T R,1150-1305,CUM   308,,-,,,-,,.
ARC,103,2,1,10058,CC: BUILDING CULTURES,,Y,28,0,Anna Vallye,4,T R,1445-1600,CUM   308,,-,,,-,,.
ARC,225,1,1,10066,BTWN ART & INDUSTRY: BAUHAUS,,Y,16,0,Anna Vallye,4,M,1315-1600,CUM   307,,-,,,-,,.
ARC,342,1,1,10072,"ARCH DESIGN,II:SELECTED TOPICS",,Y,12,0,Bill Pollack,4,M,1900-2145,BUR   1LR,,-,,,-,,.
ART,101,1,1,10240,CONCEPTS IN TWO DIMENSIONS,,,18,0,Timothy McDowell,4,,-,,,-,,,-,,.
ART,103,1,1,10241,DESIGN: VISUAL LANGUAGE,,,16,0,Andrea Wollensak,4,T R,1315-1430,CUM   309,T R,1315-1430,CUM   309A,,-,,.
ART,104,1,1,10242,CC:TIME-BASED DIGITAL ART,,Y,16,0,Nadav Assor,4,M W,1445-1600,CUM   301,M W,1445-1600,CUM   309A,,-,,.
ART,106,1,1,10244,CC: THE MAKING MAKER,,,14,0,Greg Bailey,4,M W,1025-1140,,,-,,,-,,.
ART,200A,1,1,10245,DARKROOM PHOTOGRAPHY,,,12,0,,4,,-,,,-,,,-,,.
ART,204,1,1,10246,PRINT WKSHP: RELIEF PROCESS,,,12,0,Timothy McDowell,4,,-,,,-,,,-,,.
ART,205,1,1,10247,DRAWING FUNDAMENTALS,,,16,0,Pamela Marks,4,M W,1315-1600,CUM   315,,-,,,-,,.
ART,207,1,1,10248,DESIGN: TYPE AND IMAGE,,,16,0,Andrea Wollensak,4,T R,1025-1140,CUM   309,T R,1025-1140,CUM   309A,,-,,.
ART,209,1,1,10249,DESIGNING VISUAL INFORMATION,,Y,16,0,Andrea Wollensak,4,T R,0900-1015,CUM   309,T R,0900-1015,CUM   309A,,-,,.
ART,210,1,1,10250,CC: DECODING COLOR,,,16,0,Pamela Marks,4,M W,1025-1140,CUM   315,M W,1025-1140,CUM   305,,-,,.
ART,214,1,1,10252,VIDEO INSTALLATION,,Y,12,0,Nadav Assor,4,R,1900-2200,CUM   301,R,1900-2200,CUM   309A,,-,,.
ART,215,1,1,10254,3D:SCAN/MODEL/ANIMATE/PRINT,,Y,8,0,Nadav Assor,4,M W,0930-1140,CUM   301,M W,0930-1140,CUM   309A,,-,,.
ART,217,1,1,10256,CERAMIC SCULPT:VESSEL CONSTRUC,,,8,0,Denise Pelletier,4,,-,,,-,,,-,,.
ART,218,1,1,10257,CERAMIC SCULPT:OBJECT AS IDEA,,,8,0,Denise Pelletier,4,,-,,,-,,,-,,.
ART,222C,1,1,10259,LARGE FORMAT PAINTING,,,12,0,Chris Barnard,4,T R,1315-1600,CUM   314,,-,,,-,,.
ART,335F,1,1,10261,INDIV STUDIO INSTRUCTION I,Y,,5,0,Timothy McDowell,4,,-,,,-,,,-,,.
ART,342,1,1,10073,"ARCH DESIGN,II:SELECTED TOPICS",,Y,12,0,Bill Pollack,4,M,1900-2145,BUR   1LR,,-,,,-,,.
ART,450A,1,1,10263,SENIOR STUDIO,,,18,0,Nadav Assor,4,,-,,,-,,,-,,.
ART,450B,1,1,10265,SENIOR STUDIO,,,18,0,Greg Bailey,4,,-,,,-,,,-,,.
ART,450C,1,1,10266,SENIOR STUDIO,,,18,0,Chris Barnard,4,,-,,,-,,,-,,.
ART,450D,1,1,10267,SENIOR STUDIO,,,18,0,Pamela Marks,4,,-,,,-,,,-,,.
ART,450E,1,1,10268,SENIOR STUDIO,,,18,0,Timothy McDowell,4,,-,,,-,,,-,,.
ART,450F,1,1,10269,SENIOR STUDIO,,,18,0,Denise Pelletier,4,,-,,,-,,,-,,.
ART,450G,1,1,10270,SENIOR STUDIO,,,18,0,Andrea Wollensak,4,,-,,,-,,,-,,.
AHI,101,1,1,10054,"SURVEY OF THE HIST OF ART, I",,,38,0,Joseph Alchermes,4,W F,1315-1430,CUM   308,,-,,,-,,.
AHI,103,1,1,10055,CC: BUILDING CULTURES,,Y,28,0,Anna Vallye,4,T R,1150-1305,CUM   308,,-,,,-,,.
AHI,103,2,1,10057,CC: BUILDING CULTURES,,Y,28,0,Anna Vallye,4,T R,1445-1600,CUM   308,,-,,,-,,.
AHI,105,1,1,10059,CC: MONA LISA TO INSTAGRAM,,,38,0,Karen Gonzalez Rice,4,M W,1025-1140,CUM   308,,-,,,-,,.
AHI,105F,1,1,10060,ART IN ASL,,,18,0,Karen Gonzalez Rice,1,M,1315-1430,,,-,,,-,,.
AHI,203,1,1,10063,MODERN CHINESE ART,,Y,27,0,Di Luo,4,T R,1315-1430,CUM   307,,-,,,-,,.
AHI,206,1,1,10061,INTRODUCTION TO AFRICAN ART,,Y,35,0,Christopher Steiner,4,T R,1025-1140,CUM   307,,-,,,-,,.
AHI,225,1,1,10065,BTWN ART & INDUSTRY: BAUHAUS,,Y,16,0,Anna Vallye,4,M,1315-1600,CUM   307,,-,,,-,,.
AHI,283,1,1,10068,MUSEUM EDUCATION,,Y,25,0,David Rau,4,W,1315-1600,CUM   307,,-,,,-,,.
AHI,404,1,1,10577,APPROACHES TO ART HISTORY,,,16,0,Karen Gonzalez Rice Robert Baldwin,4,F,0900-1140,CUM   304,,-,,,-,,.
AHI,413,1,1,10070,ISLAMIC ART: WORD AND IMAGE,,,16,0,Joseph Alchermes,4,R,1315-1600,CUM   304,,-,,,-,,.
AHI,496,1,1,10071,MUSEUM STUDIES SENIOR PROJECT,Y,,16,0,Christopher Steiner,4,F,1315-1600,CUM   304,,-,,,-,,.
AT,104,1,1,10243,CC:TIME-BASED DIGITAL ART,,Y,16,0,Nadav Assor,4,M W,1445-1600,CUM   301,M W,1445-1600,CUM   309A,,-,,.
AT,201,1,1,10540,HIST OF ARTS & TECHNOLOGY,,,15,0,,4,F,1300-1500,CUM   301,M,1615-1745,,,-,,.
AT,209,1,1,10251,DESIGNING VISUAL INFORMATION,,Y,16,0,Andrea Wollensak,4,T R,0900-1015,CUM   309,T R,0900-1015,CUM   309A,,-,,.
AT,214,1,1,10253,VIDEO INSTALLATION,,Y,12,0,Nadav Assor,4,R,1900-2200,CUM   301,R,1900-2200,CUM   309A,,-,,.
AT,215,1,1,10255,3D:SCAN/MODEL/ANIMATE/PRINT,,Y,8,0,Nadav Assor,4,M W,0930-1140,CUM   301,M W,0930-1140,CUM   309A,,-,,.
AT,225,1,1,10067,BTWN ART & INDUSTRY: BAUHAUS,,Y,16,0,Anna Vallye,4,M,1315-1600,CUM   307,,-,,,-,,.
AT,304,1,1,10344,ELECTROACOUSTIC MUSIC II,,Y,15,0,Andrew Greenwald,4,,-,,,-,,,-,,.
AT,309,1,1,10205,GRAPHICS & VIRTUAL ENVIRONMNTS,,Y,18,0,S. James Lee,4,T R,1150-1305,,,-,,,-,,.
AT,312,1,1,10220,DIGITAL SOUND PROCESSING,,Y,18,0,Ozgur Izmirli,4,T R,1445-1600,,,-,,,-,,.
AT,320,1,1,10538,AMMERMAN JUNIOR SEMINAR,,,16,0,,2,M,1615-1745,,,-,,,-,,.
AT,402,1,1,10539,AMMERMAN SENIOR SEMINAR,,,16,0,,2,M,1615-1745,768   1LR,,-,,,-,,.
AST,110,1,1,10102,BEYOND THE SOLAR SYSTEM,,,38,0,Leslie Brown,4,M W,1445-1600,HALE  BROWN,,-,,,-,,.
AST,201,1,1,10103,INTRO TO ASTROPHYSICS,,,28,0,Michael Weinstein,4,,-,,,-,,,-,,.
BIO,120C,1,1,10158,INTRO TO BIOLOGICAL INQUIRY,,,18,0,E. Carla Parker-Athill,4,T,0900-1140,NLH   322,M W,1025-1140,NLH   304,,-,,.
BIO,120D,1,1,10159,INTRO TO BIOLOGICAL INQUIRY,,,18,0,Stephen Douglass,4,M W,1315-1600,OLIN  111,,-,,,-,,.
BIO,120G,1,1,10160,INTRO TO BIOLOGICAL INQUIRY,,,18,0,Phillip Barnes,4,T R,1025-1140,NLH   304,F,1315-1600,NLH   301,,-,,.
BIO,202,1,1,10161,HUMAN PHYSIOLOGY,,,36,0,,4,M W,1315-1430,,,-,,,-,,.
BIO,202L,1,1,10162,HUMAN PHYSIOLOGY LAB,,,18,0,,0,F,0900-1145,OLIN  111,,-,,,-,,.
BIO,202L,2,1,10163,HUMAN PHYSIOLOGY LAB,,,18,0,,0,F,1315-1600,OLIN  111,,-,,,-,,.
BIO,203,1,1,10164,BIOINFORMATICS,,Y,18,0,Stephen Douglass,4,,-,,,-,,,-,,.
BIO,209,1,1,10166,CELLS AND MOLECULES,,,32,0,Deborah Eastman,4,T R,1025-1140,,,-,,,-,,.
BIO,209L,1,1,10167,CELLS AND MOLECULES LAB,,,16,0,Deborah Eastman,0,T,1315-1600,,,-,,,-,,.
BIO,209L,2,1,10168,CELLS AND MOLECULES LAB,,,16,0,Kristine Hardeman,0,W,1315-1600,,,-,,,-,,.
BIO,210,1,1,10169,ECOLOGY AND EVOLUTION,,,32,0,,4,,-,,,-,,,-,,.
BIO,210L,1,1,10170,ECOLOGY AND EVOLUTION LAB,,,16,0,,0,,-,,,-,,,-,,.
BIO,210L,2,1,10171,ECOLOGY AND EVOLUTION LAB,,,16,0,,0,,-,,,-,,,-,,.
BIO,214,1,1,10172,BIOPSYCHOLOGY,,Y,38,0,Ruth Grahn,4,T R,0900-1015,,,-,,,-,,.
BIO,215,1,1,10466,INVERTEBRATE BIOLOGY,,,16,0,Niels-Viggo Hobbs,4,M W,-,,,-,,,-,,.
BIO,215L,1,1,10467,INVERTEBRATE BIOLOGY LAB,,,16,0,Niels-Viggo Hobbs,0,,-,,,-,,,-,,.
BIO,309,1,1,10468,MOLECULAR CELL BIOLOGY,,,24,0,,4,T R,0900-1015,,,-,,,-,,.
BIO,309L,1,1,10469,MOLECULAR CELL BIOL LAB,,,12,0,,0,T,1315-1600,NLH   301,,-,,,-,,.
BIO,309L,2,1,10470,MOLECULAR CELL BIOL LAB,,,12,0,,0,R,1315-1600,NLH   301,,-,,,-,,.
BIO,316,1,1,10176,NEUROPHYSIOLOGY,,,18,0,E. Carla Parker-Athill,4,M W,1445-1600,NLH   304,,-,,,-,,.
BIO,316L,1,1,10578,NEUROPHYSIOLOGY LAB,,,18,0,E. Carla Parker-Athill,0,T,1315-1600,NLH   322,,-,,,-,,.
BIO,322,1,1,10177,PSYCHOPHARMACOLOGY,,Y,16,0,Ruth Grahn,4,W F,0900-1015,,R,1315-1600,BIL   314,,-,,.
BIO,330,1,1,10178,MICROBIOLOGY,,,24,0,Sardha Suriyapperuma,4,M W,1025-1140,OLIN  107,,-,,,-,,.
BIO,330L,1,1,10180,MICROBIOLOGY LAB,,,12,0,Sardha Suriyapperuma,0,T R,1025-1140,NLH   201,,-,,,-,,.
BIO,330L,2,1,10181,MICROBIOLOGY LAB,,,12,0,Sardha Suriyapperuma,0,T R,1150-1305,NLH   201,,-,,,-,,.
BIO,336,1,1,10182,NEUROBIOLOGY OF DISEASE,,Y,18,0,Joseph Schroeder,4,M,1315-1600,,,-,,,-,,.
BIO,493G,1,1,10184,MOLECULAR EVOLUTION,,,16,0,Phillip Barnes,4,T,1315-1600,NLH   304,,-,,,-,,.
BOT,114,1,1,10288,CC: BOTANY AND CLIMATE CHANGE,,,28,0,Pamela Hine,4,M W,0900-1015,,,-,,,-,,.
BOT,114L,1,1,10297,PLANTS AND A CHANGING CLIMATE,,,14,0,Pamela Hine,0,M,1315-1600,NLH   112,,-,,,-,,.
BOT,114L,2,1,10301,PLANTS AND A CHANGING CLIMATE,,,14,0,Pamela Hine,0,T,1315-1600,NLH   112,,-,,,-,,.
BOT,117,1,1,10302,CC:COEVOLUTION PLANTS & PEOPLE,,Y,28,0,Manuel Lizarralde,4,T R,1025-1140,,,-,,,-,,.
BOT,207,1,1,10307,SEM: INDIG USE TROP RAINFOREST,,Y,12,0,Manuel Lizarralde,4,W,1315-1600,,,-,,,-,,.
BOT,230,1,1,10309,ECOLOGICAL AGRICULTURE,,,14,0,Eric Vukicevich,4,M W,1025-1140,NLH   204,R,1315-1600,NLH   222,,-,,.
BOT,234,1,1,10310,S AMER CULTURES & ENVIRONMENT,,Y,28,0,Manuel Lizarralde,4,M W,0900-1015,,,-,,,-,,.
BOT,493N,1,1,10313,BIOFUELS,,Y,16,0,Rachel Spicer,4,W,1900-2145,NLH   400,,-,,,-,,.
CHM,100,1,1,10187,CC: CHEMISTRY IN CONTEXT,,,38,0,Emily Tarsis,4,M W F,1025-1115,,,-,,,-,,.
CHM,104,1,1,10189,GENERAL CHEMISTRY,Y,,104,0,Stanton Ching,5,M W F,0800-0850,OLIN  014,,-,,,-,,.
CHM,104L,1,1,10190,GENERAL CHEMISTRY LAB,,,12,0,,0,M,1310-1600,OLIN  304,,-,,,-,,.
CHM,104L,2,1,10196,GENERAL CHEMISTRY LAB,,,12,0,,0,T,0900-1150,OLIN  304,,-,,,-,,.
CHM,104L,3,1,10197,GENERAL CHEMISTRY LAB,,,12,0,,0,T,1310-1600,OLIN  304,,-,,,-,,.
CHM,104L,4,1,10198,GENERAL CHEMISTRY LAB,,,12,0,,0,W,1310-1600,OLIN  304,,-,,,-,,.
CHM,104L,5,1,10199,GENERAL CHEMISTRY LAB,,,12,0,,0,R,1310-1600,OLIN  304,,-,,,-,,.
CHM,104L,6,1,10200,GENERAL CHEMISTRY LAB,,,12,0,,0,M,1800-2050,OLIN  304,,-,,,-,,.
CHM,202,1,1,10201,PRINCIPLES OF INORGANIC CHEM,,,28,0,,4,M W F,0800-0850,HALE  BROWN,,-,,,-,,.
CHM,204,1,1,10204,INORGANIC CHEMISTRY,,,12,0,,5,M W F,0800-0850,HALE  BROWN,,-,,,-,,.
CHM,204L,1,1,10206,INORGANIC CHEMISTRY LAB,,,12,0,,0,R,1830-2120,OLIN  304,,-,,,-,,.
CHM,214,1,1,10207,ANALYTICAL CHEMISTRY,,,24,0,Jacob Stewart,4,M W,1025-1140,HALE  118,,-,,,-,,.
CHM,214L,1,1,10209,ANALYTICAL CHEMISTRY LAB,,,12,0,Jacob Stewart,0,R,1310-1600,HALE  118,,-,,,-,,.
CHM,224,1,1,10210,ORGANIC CHEMISTRY,,,48,0,Timo Ovaska,5,M W F,0900-0950,OLIN  014,,-,,,-,,.
CHM,224L,1,1,10211,ORGANIC CHEMISTRY LAB,,,12,0,,0,M,1300-1620,OLIN  306,,-,,,-,,.
CHM,224L,2,1,10212,ORGANIC CHEMISTRY LAB,,,12,0,,0,M,1800-2120,OLIN  306,,-,,,-,,.
CHM,224L,3,1,10213,ORGANIC CHEMISTRY LAB,,,12,0,,0,T,1300-1620,OLIN  306,,-,,,-,,.
CHM,224L,4,1,10214,ORGANIC CHEMISTRY LAB,,,12,0,,0,T,1800-2050,OLIN  306,,-,,,-,,.
CHM,304,1,1,10218,BIOCHEMISTRY,,,24,0,Tanya Schneider,4,M W F,0900-0950,HALE  BROWN,,-,,,-,,.
CHM,304L,1,1,10219,BIOCHEMISTRY LAB,,,12,0,Tanya Schneider,0,M,1310-1620,HALE  014,,-,,,-,,.
CHM,304L,2,1,10221,BIOCHEMISTRY LAB,,,12,0,Katie Launer-Felty,0,T,1310-1620,HALE  014,,-,,,-,,.
CHM,396,1,1,10222,CHEMISTRY SEMINAR SERIES,,,18,0,Stanton Ching,1,T,1630-1730,HALE  BROWN,,-,,,-,,.
CHM,414,1,1,10225,INSTRUMENTAL METH ANALYSIS,,,12,0,Stanton Ching,4,T R,0900-1015,HALE  118,,-,,,-,,.
CHM,414L,1,1,10226,INSTRUMNT METH OF ANALYSIS LAB,,,12,0,Stanton Ching,0,W,1300-1620,HALE  014,,-,,,-,,.
CHI,102,1,1,10074,INTENSIVE ELEM CHINESE,,,18,0,Tek-wah King,6,MTWR,0900-1015,,,-,,,-,,.
CHI,202,1,1,10075,INTENSIVE INTERMED CHINESE II,,,18,0,Tek-wah King,5,M W,1025-1115,,T R,1025-1140,,,-,,.
CHI,302,1,1,10076,UPPER INTERMED CHINESE,,,18,0,Marilyn Guerrera,4,M W,1315-1430,,,-,,,-,,.
CHI,416,1,1,10582,CHINESE FOR THE PROFESSIONS,,,16,0,Marilyn Guerrera,4,M W,1445-1600,,,-,,,-,,.
CLA,104,1,1,10041,CC: CLASSICAL MYTHOLOGY,,,38,0,Abbe Walker,4,M W,1025-1140,,,-,,,-,,.
CLA,300,1,1,10042,SELECT TOPICS IN CLASSICS,,,18,0,Tobias Myers,4,T R,1150-1305,,,-,,,-,,.
CA,201,1,1,10514,FOUNDATIONS COMMUNITY ACTION,Y,,28,0,Ariella Rotramel,4,M,1315-1600,,,-,,,-,,.
CA,201A,1,1,10515,NEW LONDON COMMUNITY PRACTICUM,Y,,28,0,Angela Barney,2,W,1315-1430,,,-,,,-,,.
CA,302,1,1,10513,JR COMMUNITY LEARNING SEM,Y,,28,0,Rebecca McCue,2,M,1150-1305,,,-,,,-,,.
CA,402,1,1,10512,SR SEM IN COMM ACT/PUB POLICY,Y,,28,0,Audrey Zakriski Angela Barney,2,M,1150-1305,,,-,,,-,,.
COM,110,1,1,10185,CC:INTRO COMP SCI & PROB SOLV,,,48,0,Christine Chung,4,M W,1315-1430,HALE  BROWN,,-,,,-,,.
COM,110L,1,1,10186,INTRO COMP SCI/PROB SOLV LAB,,,20,0,Christine Chung,0,F,1000-1200,NLH   214,,-,,,-,,.
COM,110L,2,1,10188,INTRO COMP SCI/PROB SOLV LAB,,,28,0,Christine Chung,0,F,1315-1515,HALE  BROWN,,-,,,-,,.
COM,203,1,1,10165,BIOINFORMATICS,,Y,18,0,Stephen Douglass,4,,-,,,-,,,-,,.
COM,212,1,1,10192,DATA STRUCTURES,,,18,0,Gary Parker,4,M W,1025-1140,NLH   214,,-,,,-,,.
COM,212,2,1,10193,DATA STRUCTURES,,,18,0,William Tarimo,4,T R,1025-1140,NLH   214,,-,,,-,,.
COM,213,1,1,10109,ELECTRONICS FOR SCIENTISTS,,Y,10,0,Mohamed Diagne,4,,-,,,-,,,-,,.
COM,214,1,1,10194,WEB TECHNOLOGIES & DEVELOPMENT,,,18,0,William Tarimo,4,T R,1315-1430,NLH   214,,-,,,-,,.
COM,219,1,1,10202,COMPUTER ORGANIZATION,,,18,0,Ozgur Izmirli,4,T R,0900-1015,NLH   214,,-,,,-,,.
COM,307,1,1,10195,MACHINE LEARN/DATA MINING,,,18,0,Stephen Douglass,4,M W,1315-1430,NLH   214,,-,,,-,,.
COM,309,1,1,10203,GRAPHICS & VIRTUAL ENVIRONMNTS,,Y,18,0,S. James Lee,4,T R,1150-1305,NLH   214,,-,,,-,,.
COM,310,1,1,10208,ROBOTICS,,,18,0,Gary Parker,4,M W,1445-1600,NLH   214,,-,,,-,,.
COM,312,1,1,10217,DIGITAL SOUND PROCESSING,,Y,18,0,Ozgur Izmirli,4,T R,1445-1600,OLIN  214,,-,,,-,,.
COM,496,1,1,10223,RESEARCH SEMINAR,,,15,0,S. James Lee,4,M,1900-2145,NLH   200,,-,,,-,,.
COM,496,2,1,10224,RESEARCH SEMINAR,,,15,0,Gary Parker,4,W,1900-2145,NLH   200,,-,,,-,,.
CRE,165,1,1,10370,AFRO-CARIBBEAN DANCE I,,Y,38,0,Rosemarie Roberts,4,M W,1315-1430,CRO   MYERS,,-,,,-,,.
CRE,253,1,1,10114,CHINESE AMERICAN LITERATURE,,Y,28,0,Yibing Huang,4,T R,1445-1600,,,-,,,-,,.
CRE,310,1,1,10239,RACIAL IDENTITY IN AMERICA,,Y,25,0,Cherise Harris,4,T R,1315-1430,,,-,,,-,,.
DAN,102,50,1,10360,INTRODUCTION TO YOGA,,,50,0,Marya Ursin,1,T R,0900-0950,CRO   MYERS,,-,,,-,,.
DAN,103,50,1,10361,PILATES,,,50,0,Alisha Bliss,1,M,1150-1305,CRO   MYERS,,-,,,-,,.
DAN,116,1,1,10362,BALLROOM DANCE,,,38,0,Gregory Duda,1,M,2000-2100,,,-,,,-,,.
DAN,125,1,1,10363,DANCE PRODUCTION,,,18,0,Shawn Hove,2,M,1900-2145,CRO   MYERS,,-,,,-,,.
DAN,151,1,1,10364,MOVERS &SHAKERS,,,25,0,Rachel Boggia,4,T R,1315-1430,CRO   MYERS,,-,,,-,,.
DAN,159,1,1,10554,INTRODUCTION TO BALLET,,,25,0,Shawn Hove,2,M W,1445-1600,CRO   MYERS,,-,,,-,,.
DAN,162,1,1,10555,WEST AFRICAN DANCE I,,,18,0,Shani Collins-Achille,4,T R,1150-1305,CRO   MYERS,,-,,,-,,.
DAN,165,1,1,10367,AFRO-CARIBBEAN DANCE I,,Y,38,0,Rosemarie Roberts,4,M W,1315-1430,CRO   MYERS,,-,,,-,,.
DAN,208,1,1,10556,CHOREOGRAPHY I,,,18,0,Lisa Race,4,T R,1150-1305,CRO   2ND FLOOR,,-,,,-,,.
DAN,222,1,1,10365,COMPOSITIONAL IMPROVISATION,,,25,0,Lisa Race,4,T R,1315-1430,CRO   2ND FLOOR,,-,,,-,,.
DAN,258,1,1,10557,MODERN TECHNIQUE II,,,25,0,David Dorfman,2,T RF,1445-1600,CRO   MYERS,,-,,,-,,.
DAN,259,1,1,10366,BALLET II,,,25,0,Ellie Goudie-Averill,2,M W,1445-1600,CRO   MYERS,,-,,,-,,.
DAN,340,1,1,10371,HISTORY OF DANCE,,,28,0,Rosemarie Roberts,4,M W,0900-1015,CRO   205,M W,0900-1015,CRO   2ND FLOOR,,-,,.
DAN,358,1,1,10558,MODERN TECHNIQUE III,,,25,0,Shani Collins-Achille,2,T RF,1025-1140,CRO   MYERS,,-,,,-,,.
DAN,359,1,1,10559,BALLET III,,,25,0,Ellie Goudie-Averill,2,M W,1315-1430,CRO   MYERS,M W,1315-1430,CRO   2ND FLOOR,,-,,.
DAN,458,1,1,10560,MODERN TECHNIQUE IV,,,25,0,Shani Collins-Achille,2,T RF,1025-1140,CRO   MYERS,,-,,,-,,.
DAN,459,1,1,10372,BALLET IV,,,25,0,Ellie Goudie-Averill,2,M W,1315-1430,CRO   MYERS,M W,1315-1430,CRO   2ND FLOOR,,-,,.
DAN,494,1,1,10561,CAPSTONE PROJECT,,,18,0,David Dorfman,4,T R,1150-1305,CRO   205,,-,,,-,,.
EAS,101,1,1,10111,BEYOND THE ORIENT:  LIT/FILM,,,38,0,Yibing Huang,4,T R,1315-1430,,,-,,,-,,.
EAS,203,1,1,10064,MODERN CHINESE ART,,Y,27,0,Di Luo,4,T R,1315-1430,CUM   307,,-,,,-,,.
EAS,253,1,1,10112,CHINESE AMERICAN LITERATURE,,Y,28,0,Yibing Huang,4,T R,1445-1600,,,-,,,-,,.
EAS,314,1,1,10116,SEX AND POWER IN JAPAN,,Y,28,0,Ayako Takamori,4,M W,1445-1600,,,-,,,-,,.
EAS,428,1,1,10096,DEBATING CHINA'S GLOBALIZATION,,Y,16,0,Sarah Queen,4,T R,1315-1430,,,-,,,-,,.
EAS,493E,1,1,10536,EAST ASIAN DIASPORA,,,16,0,Ayako Takamori,4,W,1900-2145,,,-,,,-,,.
ECO,111,1,1,10126,INTRODUCTORY MACROECONOMICS,,,28,0,. To Be Assigned,4,W F,1315-1430,,,-,,,-,,.
ECO,111,2,1,10574,INTRODUCTORY MACROECONOMICS,,,28,0,,4,M W,1025-1140,,,-,,,-,,.
ECO,112,1,1,10127,INTRODUCTORY MICROECONOMICS,,,28,0,,4,T R,1445-1600,,,-,,,-,,.
ECO,112,2,1,10128,INTRODUCTORY MICROECONOMICS,,,28,0,Monika Lopez-Anuarbe,4,M W,1445-1600,,,-,,,-,,.
ECO,201,1,1,10565,FEMINIST ECONOMICS,,Y,28,0,Candace Howes,4,T R,1315-1430,,,-,,,-,,.
ECO,202,1,1,10133,INTRO TO MATH METHOD FOR ECON,,,28,0,Purba Mukerji,4,M W,0900-1015,,,-,,,-,,.
ECO,205,1,1,10129,INT MICROECONOMIC THEORY,,,28,0,Mark Stelzner,4,T R,0900-1015,,,-,,,-,,.
ECO,205,2,1,10130,INT MICROECONOMIC THEORY,,,28,0,Mark Stelzner,4,T R,1025-1140,,,-,,,-,,.
ECO,206,1,1,10131,INT MACROECONOMIC THEORY,,,25,0,Maria Cruz-Saco,4,M W,0900-1015,,,-,,,-,,.
ECO,206,2,1,10132,INT MACROECONOMIC THEORY,,,25,0,Maria Cruz-Saco,4,M W,1025-1140,,,-,,,-,,.
ECO,209,1,1,10135,INTRO TO EXPERIMENTAL ECON,,,28,0,Benjamin Beranek,4,M W,1025-1140,,,-,,,-,,.
ECO,230,1,1,10136,ECONOMETRICS I,,,18,0,Terry-Ann Craigie,4,T R,1445-1600,,,-,,,-,,.
ECO,230,2,1,10137,ECONOMETRICS I,,,18,0,Terry-Ann Craigie,4,T R,1615-1730,,,-,,,-,,.
ECO,234,1,1,10139,ECONOMIC DEVELOPMENT,,,28,0,. To Be Assigned,4,T R,1315-1430,,,-,,,-,,.
ECO,248,1,1,10567,INTRO FINANC INSTIT & MARKETS,,,28,0,,4,W F,1025-1140,,,-,,,-,,.
ECO,317,1,1,10143,ECONOMIC ANALYSIS OF THE LAW,,,28,0,David Chavanne,4,W F,1025-1140,,,-,,,-,,.
ECO,322,1,1,10142,GAME THEORY,,,28,0,Monika Lopez-Anuarbe,4,M W,1315-1430,,,-,,,-,,.
ECO,324,1,1,10569,CORPORATE FINANCE,,,28,0,Benjamin Beranek,4,M W,1315-1430,,,-,,,-,,.
ECO,330,1,1,10485,INTERNATIONAL FINANCE,,,28,0,Purba Mukerji,4,M W,1025-1140,,,-,,,-,,.
ECO,356,1,1,10144,ADVANCED ECONOMETRICS,,,18,0,Candace Howes,4,T R,1445-1600,,,-,,,-,,.
ECO,403,1,1,10568,CAPITALISM AND SLAVERY,,,15,0,Mark Stelzner,4,T R,1315-1430,,,-,,,-,,.
ECO,408,1,1,10145,EXPERIMENTAL ECONOMICS,,,16,0,David Chavanne,4,W F,1315-1430,,,-,,,-,,.
EDU,103,1,1,10437,"AIDS,DRUGPREV & CONFL RESOLUTN",,,38,0,Paul Madden,2,W,1315-1430,,,-,,,-,,.
EDU,223,1,1,10438,FOUNDATIONS OF EDUCATION,,,25,0,Sandy Grande,4,M W,1445-1600,,,-,,,-,,.
EDU,260,1,1,10588,"CC: COLONIALISM,MATH,CURRICULA",,,24,0,Paul Madden,4,T R,1445-1600,,,-,,,-,,.
EDU,283,1,1,10069,MUSEUM EDUCATION,,Y,25,0,David Rau,4,W,1315-1600,CUM   307,,-,,,-,,.
EDU,305,1,1,10440,CURRICULAR THEORY & DESIGN:SEC,,,25,0,Manali Sheth,6,T R,1150-1305,,,-,,,-,,.
EDU,313,1,1,10439,"CHILDREN, BOOKS & CULTURE",,,28,0,Manali Sheth,4,T,1315-1600,,,-,,,-,,.
EDU,445,1,1,10441,STUDENT TEACHING:ELEM,,,16,0,. To Be Assigned,8,,-,,,-,,,-,,.
EDU,450,1,1,10443,STUDENT TEACHING SEMINAR,,,16,0,. To Be Assigned,4,,-,,,-,,,-,,.
EDU,457,1,1,10442,STUDENT TEACHING:SEC,,,16,0,. To Be Assigned,8,,-,,,-,,,-,,.
ENG,107,1,1,10282,"CC:NOMADS, SHAMANS, & MYSTICS",,Y,28,0,Denis Ferhatovic,4,T R,1025-1140,,,-,,,-,,.
ENG,110,1,1,10003,INTRO TO LANGUAGE AND MIND,,Y,28,0,Tek-wah King,4,M W,0900-1015,,,-,,,-,,.
ENG,119,1,1,10285,CC: LIT AND EVOLUTION OF MIND,,,18,0,Steven Shoemaker,4,M W,1445-1600,,,-,,,-,,.
ENG,122,1,1,10286,CC: NARRATIVE MEDICINE,,,28,0,Julie Rivkin,4,T R,1150-1305,,,-,,,-,,.
ENG,150,1,1,10281,ESSENTIALS OF LITERARY STUDY,,,16,0,Marie Ostby,4,T R,0900-1015,,,-,,,-,,.
ENG,150,2,1,10287,ESSENTIALS OF LITERARY STUDY,,,16,0,Marie Ostby,4,T R,1315-1430,,,-,,,-,,.
ENG,240,1,1,10289,READING & WRITING POEMS,,,16,0,Charles Hartman,4,M W,1315-1430,,,-,,,-,,.
ENG,250,1,1,10290,THEORY/PRACT OF LITERARY STUDY,,,18,0,Hubert Cook,4,M W,0900-1015,,,-,,,-,,.
ENG,250,2,1,10291,THEORY/PRACT OF LITERARY STUDY,,,18,0,Hubert Cook,4,M W,1025-1140,,,-,,,-,,.
ENG,253,1,1,10115,CHINESE AMERICAN LITERATURE,,Y,28,0,Yibing Huang,4,T R,1445-1600,,,-,,,-,,.
ENG,301,1,1,10292,AMERICAN WOMEN WRITERS,,Y,18,0,Julie Rivkin,4,T R,1445-1600,,,-,,,-,,.
ENG,319,1,1,10600,LEATHER AND GLITT,,Y,18,0,Denis Ferhatovic Ariella Rotramel,4,T R,1315-1430,,,-,,,-,,.
ENG,322,1,1,10294,SEMINAR IN FICTION,Y,,12,0,Blanche Boyd,4,T,1900-2145,,,-,,,-,,.
ENG,331,1,1,10295,SHAKESPEARE IN PERFORMANCE,,,18,0,Lina Wilder,4,T R,1150-1305,,,-,,,-,,.
ENG,333,1,1,10296,THE CANTERBURY TALES,,,18,0,Denis Ferhatovic,4,T R,0900-1015,,,-,,,-,,.
ENG,340,1,1,10298,WRITING POETRY:  INTERMEDIATE,,,12,0,Charles Hartman,4,M W,1025-1140,,,-,,,-,,.
ENG,368,1,1,10299,LIT IN THE ANTHROPOCENE,,Y,18,0,Michelle Neely,4,M W,1315-1430,,,-,,,-,,.
ENG,379,1,1,10581,BLACK POETICS,,Y,18,0,Hubert Cook,4,M W,1315-1430,,,-,,,-,,.
ENG,381,1,1,10596,GLOBAL GRAPHIC NOVELS,,Y,18,0,Marie Ostby,4,T R,1025-1140,,,-,,,-,,.
ENG,493G,1,1,10303,JANE AUSTEN,,Y,16,0,Jeff Strabone,4,M W,1900-2015,,,-,,,-,,.
ES,110,1,1,10445,ENV STDS AS A NATURAL SCIENCE,,,38,0,Peter Siver,4,T R,0900-1015,,,-,,,-,,.
ES,111,1,1,10446,ENV STDS AS A SOCIAL SCIENCE,,,35,0,Jane Dawson,4,W F,1025-1140,,,-,,,-,,.
ES,117,1,1,10305,CC:COEVOLUTION PLANTS & PEOPLE,,Y,28,0,Manuel Lizarralde,4,T R,1025-1140,,,-,,,-,,.
ES,204,1,1,10447,ENVIRON JUSTICE IN HISPA WORLD,,Y,28,0,. To Be Assigned,4,,-,,,-,,,-,,.
ES,207,1,1,10308,SEM: INDIG USE TROP RAINFOREST,,Y,12,0,Manuel Lizarralde,4,W,1315-1600,,,-,,,-,,.
ES,210,1,1,10449,HYDROLOGY,,Y,28,0,Doug Thompson,4,T R,1315-1430,HALE  BROWN,,-,,,-,,.
ES,214,1,1,10451,VECTOR-BASED GEOG INFO SYST,,Y,12,0,Beverly Chomiak,4,M W,-,OLIN  109A,,-,,,-,,.
ES,228,1,1,10453,PHILOSOPHY/ENVIRONMENTAL STUDI,,Y,25,0,Derek Turner,4,M W,1315-1430,,,-,,,-,,.
ES,232,1,1,10019,GLOBAL ENVIRONMENTAL POLITICS,,Y,28,0,Jane Dawson,4,W F,1315-1430,,,-,,,-,,.
ES,234,1,1,10312,S AMER CULTURES & ENVIRONMENT,,Y,28,0,Manuel Lizarralde,4,M W,0900-1015,,,-,,,-,,.
ES,261,1,1,10545,ENVIRON CONSCIOUS IN GERMANY,,Y,38,0,Suzuko Knott,4,T R,1315-1430,,,-,,,-,,.
ES,290,1,1,10454,GOODWIN-NIERING CERT SEMINAR,Y,,28,0,Jennifer Pagach,4,T R,1900-2030,,,-,,,-,,.
ES,298,1,1,10455,CC:RELIGIOUS PRACTICES/ECOLOGY,,Y,28,0,Sufia Uddin,4,,-,,,-,,,-,,.
ES,313,1,1,10460,RASTER-BASED GEOG INFO SYST,,Y,12,0,Beverly Chomiak,4,T R,1900-2145,OLIN  109A,,-,,,-,,.
ES,368,1,1,10300,LIT IN THE ANTHROPOCENE,,Y,18,0,Michelle Neely,4,M W,1315-1430,,,-,,,-,,.
ES,393,1,1,10279,DISCARD(-ERS)(-ING)(-ABLES),,Y,18,0,Anthony Graesch,4,T R,1445-1600,,,-,,,-,,.
ES,396,1,1,10462,GOODWIN-NIERING CERT SEMINAR,,,18,0,Anthony Graesch,2,R,1900-2015,,,-,,,-,,.
ES,493N,1,1,10314,BIOFUELS,,Y,16,0,Rachel Spicer,4,W,1900-2145,NLH   400,,-,,,-,,.
ES,493U,1,1,10463,ENVIRON JUST IN GLOBL PERSP,,Y,18,0,Jane Dawson,4,M,1315-1600,,,-,,,-,,.
ES,496,1,1,10464,GOODWIN-NIERING CERT SEMINAR,,,18,0,Anthony Graesch,2,R,1900-2015,,,-,,,-,,.
FLM,101,1,1,10480,INT FLM ST: HOW TO READ FLM,,,28,0,Linnea Hussein,4,M W,1025-1140,,W,1900-2145,,,-,,.
FLM,101,2,1,10481,INT FLM ST: HOW TO READ FLM,,,28,0,Linnea Hussein,4,M W,1315-1430,,W,1900-2145,,,-,,.
FLM,202,1,1,10482,STUDIES IN FILM CULTURE,,,28,0,Nina Martin,4,T R,1150-1305,,T,1900-2145,,,-,,.
FLM,209,1,1,10490,INTERSECT IDENT IN U.S. FILM,,,28,0,Linnea Hussein,4,T R,1025-1140,,M,1900-2145,,,-,,.
FLM,210,1,1,10484,FUND MOTION PICTURE PRODUCT,Y,,12,0,Ross Morin,4,T R,1445-1700,,,-,,,-,,.
FLM,220,1,1,10488,DOCUMENTARY THRY & PRODUCTN,Y,,12,0,. To Be Assigned,4,M W,1025-1140,,M,1900-2145,,,-,,.
FLM,238,1,1,10486,SCREENWRITING,Y,,12,0,. To Be Assigned,4,M W,1445-1600,,,-,,,-,,.
FLM,310,1,1,10487,IDEOLOGCL REP IN MOT PICT PROD,Y,,12,0,Ross Morin,6,M W,1445-1700,,,-,,,-,,.
FLM,395W,1,1,10489,FEMINISMS IN AMER POP CULT,,,16,0,Nina Martin,4,T R,1445-1600,,W,1900-2145,,,-,,.
FLM,416,1,1,10594,FROM NEOREALISM TO THE PRESENT,,Y,16,0,Paola Sica,4,T,1315-1600,,,-,,,-,,.
FRH,102,1,1,10318,ELEM FRENCH LANGUAGE/CULTURE,,,18,0,Robyn Pront,5,M W F,1315-1430,,R,1900-1950,,,-,,.
FRH,102,2,1,10321,ELEM FRENCH LANGUAGE/CULTURE,,,18,0,Didem Alkan . To Be Assigned,5,T RF,0900-1015,,W,1900-1950,,,-,,.
FRH,201,1,1,10323,INTER FRENCH LANG/CULTURE I,,,15,0,Ronan Chalmin,4,T R,1025-1140,,,-,,,-,,.
FRH,202,1,1,10324,INTER FRENCH LANG/CULTURE II,,,15,0,James Austin,4,M W,1445-1600,,,-,,,-,,.
FRH,256,1,1,10509,“MIGRATION CRISIS” IN EUROPE,,Y,28,0,Catherine Benoit,4,T R,1315-1430,,,-,,,-,,.
FRH,301,1,1,10325,PENSEZ FRANCAIS: FRH CUL EXP,,,15,0,Ronan Chalmin,4,T R,1315-1430,,,-,,,-,,.
FRH,309F,1,1,10326,FRANÇAIS PROFESSIONNEL (FRH),,,18,0,Ronan Chalmin,1,T,0900-1000,,,-,,,-,,.
FRH,312,1,1,10328,MODERN FRENCH RESISTANCE,,,18,0,Robyn Pront,4,M W,0900-1015,,,-,,,-,,.
FRH,327,1,1,10327,INTRO TO LITERARY ANALYSIS,,,18,0,Ronan Chalmin,4,T R,1445-1600,,,-,,,-,,.
FRH,414,1,1,10329,"NEW WAVE FILM, THEN AND NOW",,,16,0,James Austin,4,M W,1025-1140,,,-,,,-,,.
GWS,102,1,1,10148,CHILD RIGHTS/PUBLIC POLICY,,Y,35,0,Rashelle Litchmore,4,T R,0900-1015,BOL   BLUE,,-,,,-,,.
GWS,103,1,1,10519,"GENDER, SEXUALITY, AND INTESEC",,Y,28,0,Ariella Rotramel,4,T R,1445-1600,,,-,,,-,,.
GWS,201,1,1,10566,FEMINIST ECONOMICS,,Y,28,0,Candace Howes,4,T R,1315-1430,,,-,,,-,,.
GWS,209,1,1,10233,RACE/GENDER AND THE MASS MEDIA,,Y,28,0,Cherise Harris,4,T R,1445-1600,,,-,,,-,,.
GWS,231,1,1,10580,DISABILITY JUSTICE,,Y,25,0,Karen Hanna,4,T R,1025-1140,,,-,,,-,,.
GWS,262,1,1,10549,REFUGEES IN EUROPE: GERMANY,,Y,18,0,Karolin Machtans,4,M   F,1150-1305,,,-,,,-,,.
GWS,290,1,1,10518,FEELING STATES,,,28,0,R. Danielle Egan,4,M W,1025-1140,,,-,,,-,,.
GWS,301,1,1,10293,AMERICAN WOMEN WRITERS,,Y,18,0,Julie Rivkin,4,T R,1445-1600,,,-,,,-,,.
GWS,302,1,1,10521,SOCIAL MOVEMENT PRAXIS,,,16,0,Karen Hanna,4,W,1900-2145,,,-,,,-,,.
GWS,318,1,1,10118,SEX AND POWER IN JAPAN,,Y,28,0,Ayako Takamori,4,M W,1445-1600,,,-,,,-,,.
GWS,319,1,1,10579,LEATHER AND GLITT,,Y,18,0,Ariella Rotramel,4,T R,1315-1430,,,-,,,-,,.
GWS,320,1,1,10276,ANTHRO OF SEXUALITY & GENDER,,Y,28,0,Joyce Bennett,4,M W,1445-1600,,,-,,,-,,.
GWS,380,1,1,10522,CONTEMPORARY FEMINIST THOUGHT,,,25,0,Karen Hanna,4,T R,1315-1430,,,-,,,-,,.
GWS,410,1,1,10517,SENIOR CAPSTONE IN GWS,,,16,0,R. Danielle Egan,4,W,1315-1600,,,-,,,-,,.
GWS,413,1,1,10306,JANE AUSTEN,,Y,16,0,Jeff Strabone,4,M W,1900-2015,,,-,,,-,,.
GEO,210,1,1,10450,HYDROLOGY,,Y,28,0,Doug Thompson,4,T R,1315-1430,HALE  BROWN,,-,,,-,,.
GEO,214,1,1,10452,VECTOR-BASED GEOG INFO SYST,,Y,12,0,Beverly Chomiak,4,M W,-,OLIN  109A,,-,,,-,,.
GEO,313,1,1,10461,RASTER-BASED GEOG INFO SYST,,Y,12,0,Beverly Chomiak,4,T R,1900-2145,OLIN  109A,,-,,,-,,.
GER,102,1,1,10541,ELEMENTARY GERMAN,,,18,0,Suzuko Knott,4,M W F,0900-0950,,,-,,,-,,.
GER,102,2,1,10542,ELEMENTARY GERMAN,,,16,0,,4,M W F,0900-0950,,,-,,,-,,.
GER,110,1,1,10004,INTRO TO LANGUAGE AND MIND,,Y,28,0,Tek-wah King,4,M W,0900-1015,,,-,,,-,,.
GER,202,1,1,10543,INTERMEDIATE GERMAN,,,18,0,Suzuko Knott,4,M W F,1315-1405,,,-,,,-,,.
GER,261,1,1,10544,ENVIRON CONSCIOUS IN GERMANY,,Y,38,0,Suzuko Knott,4,T R,1315-1430,,,-,,,-,,.
GER,261F,1,1,10570,ENVIRON CONSCIOUS (IN GERMAN),,,18,0,Suzuko Knott,1,,-,,,-,,,-,,.
GER,262,1,1,10547,REFUGEES IN EUROPE: GERMANY,,Y,18,0,Karolin Machtans,4,M   F,1150-1305,,,-,,,-,,.
GER,450,1,1,10546,GESCHICHTE DES DEUTSCHEN FILM,,,16,0,Karolin Machtans,4,M W,1445-1600,,,-,,,-,,.
GIS,102,1,1,10550,INTRO GLOBAL ISLAMIC STUDIES,,Y,28,0,,4,M W,1445-1600,,,-,,,-,,.
GIS,102F,1,1,10571,INTRO GIS (IN FRH),,,18,0,,1,,-,,,-,,,-,,.
GIS,102H,1,1,10583,INTRO GIS (IN SPA),,,18,0,,1,,-,,,-,,,-,,.
GIS,107,1,1,10283,"CC:NOMADS, SHAMANS, & MYSTICS",,Y,28,0,Denis Ferhatovic,4,T R,1025-1140,,,-,,,-,,.
GIS,201,1,1,10553,YOUTH/POLITICS IN MIDDLE EAST,,,28,0,,4,T R,1315-1430,,,-,,,-,,.
GIS,262,1,1,10548,REFUGEES IN EUROPE: GERMANY,,Y,18,0,Karolin Machtans,4,M   F,1150-1305,,,-,,,-,,.
GIS,381,1,1,10597,GLOBAL GRAPHIC NOVELS,,Y,18,0,Marie Ostby,4,T R,1025-1140,,,-,,,-,,.
GIS,400,1,1,10563,THE IRAQ WAR,,Y,16,0,Caroleen Sayej,4,R,1315-1600,,,-,,,-,,.
GOV,110,1,1,10007,POLITICAL IDEAS,,,28,0,John Coats,4,T R,1025-1140,,,-,,,-,,.
GOV,111,1,1,10008,U.S. GOVERNMENT & POLITICS,,,28,0,MaryAnne Borrelli,4,M   F,1445-1600,,,-,,,-,,.
GOV,111,2,1,10009,U.S. GOVERNMENT & POLITICS,,,28,0,Mara Suttmann-Lea,4,T R,1315-1430,,,-,,,-,,.
GOV,112,1,1,10010,COMPARATIVE POLITICS,,,28,0,John Tian,4,T R,1150-1305,,,-,,,-,,.
GOV,112,2,1,10411,COMPARATIVE POLITICS,,,28,0,Daniela Melo,4,T R,1445-1600,,,-,,,-,,.
GOV,113,1,1,10011,INTERNATIONAL POLITICS,,,28,0,Eric Fleury,4,M   F,1025-1140,,,-,,,-,,.
GOV,113,2,1,10012,INTERNATIONAL POLITICS,,,28,0,Eric Fleury,4,M   F,1150-1305,,,-,,,-,,.
GOV,203,1,1,10013,INTERNATIONAL SECURITY,,,28,0,Andrew Levin,4,M W,1445-1600,,,-,,,-,,.
GOV,214,1,1,10015,MODERN POLITICAL THOUGHT,,Y,28,0,John Coats,4,T R,1315-1430,,,-,,,-,,.
GOV,223,1,1,10575,"HUMAN RIGHTS, MEDIA & ACTIVISM",,Y,28,0,Tristan Borer,4,T R,1150-1305,,,-,,,-,,.
GOV,225,1,1,10017,STATES & MARKETS IN E ASIA,,,28,0,John Tian,4,T R,1445-1600,,,-,,,-,,.
GOV,225F,1,1,10018,STATES/MRKTS IN E ASIA(IN CHI),,,15,0,John Tian,1,,-,,,-,,,-,,.
GOV,229,1,1,10576,UNITED NATIONS PEACEKEEPING,,,28,0,Peter Mitchell,4,T R,1025-1140,,,-,,,-,,.
GOV,232,1,1,10020,GLOBAL ENVIRONMENTAL POLITICS,,Y,28,0,Jane Dawson,4,W F,1315-1600,,,-,,,-,,.
GOV,268,1,1,10022,INTERNATIONAL ORGANIZATIONS,,,28,0,Andrew Levin,4,M W,1025-1140,,,-,,,-,,.
GOV,276,1,1,10023,CC:PRESIDNCY:WHITE HOUSE 20500,,Y,28,0,MaryAnne Borrelli,4,M   F,1150-1305,,,-,,,-,,.
GOV,312,1,1,10603,DIPLOMACY,,,28,0,Eric Fleury,4,W F,1315-1430,,,-,,,-,,.
GOV,314,1,1,10604,U.S. INTEL IN WAR ON TERROR,,,28,0,Caroleen Sayej,4,W F,1025-1140,,,-,,,-,,.
GOV,324,1,1,10024,HUMAN RIGHTS IN WORLD POL,,,28,0,Tristan Borer,4,T R,0900-1025,,,-,,,-,,.
GOV,493P,1,1,10025,STATESMANSHIP,,,16,0,John Coats,4,W,1315-1600,,,-,,,-,,.
GOV,493S,1,1,10605,AMERICAN POLITICAL DEVELOPMENT,,,16,0,Mara Suttmann-Lea,4,T,0900-1140,,,-,,,-,,.
GOV,493U,1,1,10027,ENVIRON JUST IN GLOBL PERSP,,Y,18,0,Jane Dawson,4,M,1315-1600,,,-,,,-,,.
GOV,493V,1,1,10028,NAT'L DIVERSITY/GLOBL CAPIT,,Y,16,0,John Tian,4,W,1900-2145,,,-,,,-,,.
GOV,493Z,1,1,10564,THE IRAQ WAR,,Y,16,0,Caroleen Sayej,4,R,1315-1600,,,-,,,-,,.
GRK,102,1,1,10043,ELEMENTARY GREEK II,,,18,0,Abbe Walker,5,M W F,0900-1015,,,-,,,-,,.
GRK,226,1,1,10044,GREEK LYRIC POETRY,,,18,0,Tobias Myers,4,T R,1445-1600,,,-,,,-,,.
GRK,326,1,1,10045,GREEK LYRIC POETRY,,,18,0,Tobias Myers,4,T R,1445-1600,,,-,,,-,,.
HBR,102,1,1,10046,ELEMENTARY HEBREW II,,,28,0,Susanne Weissman,5,M W F,1315-1430,,,-,,,-,,.
HBR,202,1,1,10047,INTERMEDIATE HEBREW II,,,18,0,. To Be Assigned,4,M   F,1150-1305,,,-,,,-,,.
SPA,102,1,1,10373,ELEMENTARY SPANISH II,,,18,0,Luz Nick,4,M WR,1445-1535,,,-,,,-,,.
SPA,102,2,1,10374,ELEMENTARY SPANISH II,,,18,0,Jessica Koehler,4,M W F,1025-1140,,,-,,,-,,.
SPA,102,3,1,10375,ELEMENTARY SPANISH II,,,18,0,. To Be Assigned,4,M W F,1315-1405,,,-,,,-,,.
SPA,103,1,1,10376,INTERMEDIATE SPAN-HISPANIC ART,,,18,0,Jessica Koehler,4,T R,1025-1140,,,-,,,-,,.
SPA,110,1,1,10005,INTRO TO LANGUAGE AND MIND,,Y,28,0,Tek-wah King,4,M W,0900-1015,,,-,,,-,,.
SPA,121,1,1,10377,INTERMEDIATE SPAN LANG REVIEW,,,18,0,. To Be Assigned,4,M W,1445-1600,,,-,,,-,,.
SPA,121,2,1,10378,INTERMEDIATE SPAN LANG REVIEW,,,18,0,. To Be Assigned,4,M W,1025-1140,,,-,,,-,,.
SPA,125,1,1,10379,CC:HISPANIC IDENTITIE(IN SPAN),,,18,0,Julia Kushigian,4,M W,1025-1140,,,-,,,-,,.
SPA,204,1,1,10448,ENVIRON JUSTICE IN HISPA WORLD,,Y,18,0,. To Be Assigned,4,,-,,,-,,,-,,.
SPA,207,1,1,10380,ADV GRAMMAR & COMPOSITION,,,15,0,Jessica Koehler,4,T R,1150-1305,,,-,,,-,,.
SPA,207,2,1,10381,ADV GRAMMAR & COMPOSITION,,,15,0,Aida Heredia,4,M W,1025-1140,,,-,,,-,,.
SPA,208,1,1,10382,INTRO LITERARY/CUL ANALYSIS,,,18,0,Luis Gonzalez,4,T R,1150-1305,,,-,,,-,,.
SPA,209,1,1,10383,ADV GRAMMAR/COMP BILINGUAL SPK,,,18,0,Jennifer Rudolph,4,T R,1315-1430,,,-,,,-,,.
SPA,251,1,1,10384,HISPANIC CULTURES,,,18,0,Aida Heredia,4,M W,1445-1600,,,-,,,-,,.
SPA,252,1,1,10385,LATINO USA: US LATINX CULTURES,,,18,0,Jennifer Rudolph,4,T R,1445-1600,,,-,,,-,,.
SPA,319,1,1,10386,CONTEMP SPANISH CINEMA,,,18,0,Luis Gonzalez,4,T R,1025-1140,,,-,,,-,,.
SPA,343,1,1,10387,VOYAGES/DIS/NATURAL WONDRS,,,18,0,. To Be Assigned,4,M W,0900-1015,,,-,,,-,,.
SPA,419,1,1,10388,CONTEMP SPANISH CINEMA,,,18,0,Luis Gonzalez,4,T R,1025-1140,,,-,,,-,,.
SPA,443,1,1,10389,VOYAGES/DIS/NATURAL WONDRS,,,18,0,. To Be Assigned,4,M W,0900-1015,,,-,,,-,,.
HIS,102,1,1,10552,INTRO GLOBAL ISLAMIC STUDIES,,Y,28,0,,4,M W,1445-1600,,,-,,,-,,.
HIS,232,1,1,10086,LATER MIDDLE AGES,,Y,28,0,Frederick Paxton,4,T R,1315-1430,,,-,,,-,,.
HIS,241,1,1,10088,THE HISTORIAN'S CRAFT,,,28,0,Frederick Paxton Leo Garofalo,4,T R,1025-1140,,,-,,,-,,.
HIS,241F,1,1,10562,HISTORIANS CRAFT (IN SPA),,,16,0,Leo Garofalo,1,,-,,,-,,,-,,.
HIS,268,1,1,10595,CC: AFRICANA STUDIES MATTER,,Y,38,0,David Canton,4,T R,1315-1430,,,-,,,-,,.
HIS,304,1,1,10089,HIST OF HIP HOP MUSIC & CULTUR,,Y,18,0,David Canton,4,T R,0900-1015,,,-,,,-,,.
HIS,313,1,1,10412,THE AMERICAN WEST SINCE 1890,,,18,0,Catherine Stock,4,R,1315-1600,,,-,,,-,,.
HIS,323,1,1,10413,READINGS IN BIG HISTORY,,,18,0,Frederick Paxton,4,M,1900-2145,,,-,,,-,,.
HIS,428,1,1,10094,DEBATING CHINA'S GLOBALIZATION,,Y,16,0,Sarah Queen,4,T R,1315-1430,,,-,,,-,,.
HIS,465,1,1,10097,GLOBALZTN & AM CUL SINCE 1945,,Y,16,0,Catherine Stock,4,T,1315-1600,,,-,,,-,,.
HMD,103,1,1,10147,CHILD RIGHTS/PUBLIC POLICY,,Y,35,0,Rashelle Litchmore,4,T R,0900-1015,BOL   BLUE,,-,,,-,,.
HMD,111,1,1,10149,INTRO TO HUMAN DEVELOPMENT,,,28,0,Chantelle Sharpe,4,M W,0900-1015,BOL   105,,-,,,-,,.
HMD,111,2,1,10150,INTRO TO HUMAN DEVELOPMENT,,,28,0,Rashelle Litchmore,4,T R,1315-1430,BOL   BLUE,,-,,,-,,.
HMD,202,1,1,10151,BEST PRACT & THE PRESCHOOL EXP,,,18,0,Kathryn O'Connor,1,,-,,,-,,,-,,.
HMD,225,1,1,10152,IND DIFFERENCES IN DEVELOPMENT,,,28,0,Kathryn O'Connor,4,T R,1445-1600,,,-,,,-,,.
HMD,255,1,1,10154,HEALTH DISPARITIES AND AGING,,,28,0,Chantelle Sharpe,4,M W,1315-1430,BOL   BLUE,,-,,,-,,.
HMD,260,1,1,10155,SOCIAL & PERSONALITY DEVEL,,,28,0,Michelle Dunlap,4,M W,0900-1015,BOL   BLUE,,-,,,-,,.
HMD,296,1,1,10153,FIELD WORK-HUMAN DEVELOPMNT,,,18,0,. To Be Assigned,4,,-,,,-,,,-,,.
HMD,306,1,1,10156,"LANGUAGE, NARRATIVE, AND SELF",,,18,0,Sunil Bhatia,4,M W,1315-1430,BOL   105,,-,,,-,,.
HMD,314,1,1,10157,"MEDIA, SELF, AND SOCIETY",,,18,0,Sunil Bhatia,4,M W,1025-1140,BOL   105,,-,,,-,,.
IS,201,1,1,10516,PERSPECT MOD GLOBAL SOCIETY,,,35,0,Andrea Lanoux,4,M W F,1315-1430,,,-,,,-,,.
CRT,201,1,1,10272,THEMATIC INQUIRY,Y,,28,0,Greg Bailey,4,M   F,1150-1305,,,-,,,-,,.
ENT,201,1,1,10473,THEMATIC INQUIRY,Y,,28,0,Noel Garrett,4,M,1315-1600,,,-,,,-,,.
ENT,201L,1,1,10474,THEMATIC INQUIRY,Y,,28,0,Noel Garrett,0,W,1800-2000,,,-,,,-,,.
GC,201,1,1,10100,THEMATIC INQUIRY,Y,,28,0,Sarah Queen,4,T R,1150-1305,,,-,,,-,,.
PAX,201,1,1,10099,THEMATIC INQUIRY,Y,,28,0,Catherine Stock,4,T R,1150-1305,,,-,,,-,,.
PK,201,1,1,10444,THEMATIC INQUIRY,,,28,0,Manali Sheth,4,T R,0900-1015,,,-,,,-,,.
SJS,201,1,1,10523,THEMATIC INQUIRY,Y,,28,0,Julia Kushigian,4,M W,0900-1015,,,-,,,-,,.
ITL,102,1,1,10348,ELEMENTARY ITALIAN,,,18,0,Frida Morelli,4,M W F,0900-0950,,,-,,,-,,.
ITL,102,2,1,10349,ELEMENTARY ITALIAN,,,18,0,Frida Morelli,4,M W F,1025-1115,,,-,,,-,,.
ITL,102,3,1,10350,ELEMENTARY ITALIAN,,,18,0,Matteo Pace,4,MT R,1150-1240,,,-,,,-,,.
ITL,102,4,1,10351,ELEMENTARY ITALIAN,,,18,0,Matteo Pace,4,M W F,1445-1535,,,-,,,-,,.
ITL,102,5,1,10352,ELEMENTARY ITALIAN,,,18,0,Matteo Pace,4,M WR,1315-1405,,,-,,,-,,.
ITL,202,1,1,10353,INTERMEDIATE ITALIAN II,,,18,0,Paola Sica,4,M W,1315-1430,,,-,,,-,,.
ITL,250,1,1,10354,ITALIAN IN THE WORKPLACE,,,18,0,Frida Morelli,4,M W,1315-1430,,,-,,,-,,.
ITL,304F,1,1,10573,BODY&LOVE: MIDDLE AGES (ITL),,,18,0,,1,,-,,,-,,,-,,.
ITL,402F,1,1,10572,CREATIVITY & MODERN AGE (ITL),,,18,0,,1,,-,,,-,,,-,,.
ITL,416,1,1,10593,ITALIAN FILM & LITERATURE,,Y,16,0,Paola Sica,4,T,1315-1600,,,-,,,-,,.
JPN,102,1,1,10052,INTENSIVE ELEM JAPANESE,,,18,0,Hisae Kobayashi,6,MTWR,0900-1015,,F,-,,,-,,.
JPN,202,1,1,10101,INTERMEDIATE JAPANESE,,,18,0,Hisae Kobayashi,5,M  R,1025-1140,WDW   105,T  F,1025-1115,WDW   105,,-,,.
JS,232,1,1,10087,LATER MIDDLE AGES,,Y,28,0,Frederick Paxton,4,T R,1315-1430,,,-,,,-,,.
JS,248,1,1,10475,HOLOCAUST/POST-HOL RESPONSES,,Y,28,0,Sharon Portnoff,4,T R,1445-1600,,,-,,,-,,.
JS,425,1,1,10477,ANTISEMITISM,,Y,16,0,Sharon Portnoff,4,T R,1025-1140,,,-,,,-,,.
LAT,102,1,1,10048,ELEMENTARY LATIN II,,,18,0,. To Be Assigned,5,M W F,0900-1015,,,-,,,-,,.
LAT,202,1,1,10050,INTERMEDIATE LATIN II,,,18,0,Abbe Walker,4,M W,1315-1430,,,-,,,-,,.
LA,103,1,2,10524,CAREER PREPARATION,,,20,0,Deb Brunetti,1,M,1150-1305,,,-,,,-,,.
LA,103,10,3,10534,CAREER PREPARATION,,,20,0,Dot Wang,1,F,1025-1140,,,-,,,-,,.
LA,103,2,2,10525,CAREER PREPARATION,,,20,0,Lori Balantic,1,T,0900-1025,,,-,,,-,,.
LA,103,3,2,10526,CAREER PREPARATION,,,20,0,Cheryl Banker,1,T,1615-1730,,,-,,,-,,.
LA,103,4,2,10527,CAREER PREPARATION,,,20,0,Persephone Hall,1,R,1615-1730,,,-,,,-,,.
LA,103,5,2,10528,CAREER PREPARATION,,,20,0,Dot Wang,1,F,1025-1140,,,-,,,-,,.
LA,103,6,3,10529,CAREER PREPARATION,,,20,0,Deb Brunetti,1,M,1150-1305,,,-,,,-,,.
LA,103,7,3,10530,CAREER PREPARATION,,,20,0,Cheryl Banker,1,T,0900-1015,,,-,,,-,,.
LA,103,8,3,10532,CAREER PREPARATION,,,20,0,Lori Balantic,1,R,0900-1015,,,-,,,-,,.
LA,103,9,3,10533,CAREER PREPARATION,,,20,0,Persephone Hall,1,R,1615-1730,,,-,,,-,,.
LIN,110,1,1,10002,INTRO TO LANGUAGE AND MIND,,Y,38,0,Tek-wah King,4,M W,0900-1015,,,-,,,-,,.
MAT,108,1,1,10079,MATHEMATICS OF MONEY,,,28,0,Vincent Thompson,4,T R,0900-1015,,,-,,,-,,.
MAT,108,2,1,10080,MATHEMATICS OF MONEY,,,28,0,Vincent Thompson,4,T R,1025-1140,,,-,,,-,,.
MAT,110,1,1,10081,CC: NETWORKS & THEIR APPLCTNS,,,25,0,Kathy McKeon,4,M W,1445-1600,,,-,,,-,,.
MAT,111,1,1,10082,CALC A: LIMITS AND DERIVATIVES,,,28,0,. To Be Assigned,4,M W,1900-2050,,,-,,,-,,.
MAT,112,1,1,10083,CALC B: DERIVATIVES/INTEGRALS,,,28,0,. To Be Assigned,4,M W F,1315-1430,,,-,,,-,,.
MAT,113,1,1,10084,CALC C: INTEGRALS AND SERIES,,,28,0,Vincent Thompson,4,M W F,1315-1430,,,-,,,-,,.
MAT,210,1,1,10085,DISCRETE MATHEMATICS,,,28,0,Augustine O'Keefe,4,T R,1025-1140,,,-,,,-,,.
MAT,210,2,1,10119,DISCRETE MATHEMATICS,,,28,0,Augustine O'Keefe,4,T R,1150-1305,,,-,,,-,,.
MAT,212,1,1,10121,MULTIVARIABLE CALCULUS,,,28,0,Warren Johnson,4,M W,1025-1140,,,-,,,-,,.
MAT,226,1,1,10120,LINEAR ALGEBRA,,,28,0,Warren Johnson,4,T R,1150-1305,,,-,,,-,,.
MAT,303,1,1,10122,ABSTRACT ALGEBRA I,,,28,0,Augustine O'Keefe,4,M W,1025-1140,,,-,,,-,,.
MAT,316,1,1,10123,PROBABILITY,,,28,0,Kathy McKeon,4,M W,0900-1015,,,-,,,-,,.
MAT,402,1,1,10124,REAL ANALYSIS II,,,28,0,Christopher Hammond,4,T R,0900-1015,,,-,,,-,,.
MAT,495,1,1,10125,SEMINAR IN MATHEMATICS,,,16,0,. To Be Assigned,2,T R,1445-1600,,,-,,,-,,.
MUS,115,1,1,10317,INTRO INSTRUMENTAL/VOCAL STUDY,Y,,38,0,. To Be Assigned,1,,-,,,-,,,-,,.
MUS,118,1,1,10319,PIANO PROFICIENCY FOR MAJORS,Y,,38,0,. To Be Assigned,1,,-,,,-,,,-,,.
MUS,130,1,1,10322,CC: FOUNDATION OF MUSIC THEORY,,,20,0,Dale Wilson,4,T RF,1025-1140,CUM   224,,-,,,-,,.
MUS,206,1,1,10330,"THEORY I:HARMONY,MELODY,RHYTHM",,,18,0,Midge Thomas,4,T R,1025-1240,CUM   225,,-,,,-,,.
MUS,215,1,1,10331,INSTRUMENTAL/VOCAL STUDY,Y,,38,0,. To Be Assigned,2,,-,,,-,,,-,,.
MUS,218,1,1,10332,SERVICE-LEARNING PRACTICUM,,,28,0,Midge Thomas,2,,-,,,-,,,-,,.
MUS,220A,1,1,10333,CAMEL HEARD,Y,,38,0,Wendy Moy,1,T R,1615-1745,CUM   OLIVA,,-,,,-,,.
MUS,220B,1,1,10334,CHORALE,Y,,38,0,Wendy Moy,1,T R,1800-1900,CUM   OLIVA,,-,,,-,,.
MUS,220C,1,1,10335,CONCERT BAND,Y,,38,0,Gary Buttery,1,M W,1900-2100,CUM   EVANS HALL,,-,,,-,,.
MUS,220D,1,1,10336,JAZZ ENSEMBLE,Y,,38,0,Gary Buttery,1,M W,1600-1800,CUM   EVANS HALL,,-,,,-,,.
MUS,220E,1,2,10337,MUSICAL THEATER ENSEMBLE,Y,Y,38,0,. To Be Assigned,1,,-,,,-,,,-,,.
MUS,220F,1,1,10339,ORCHESTRA,Y,,38,0,. To Be Assigned,1,,-,CUM   EVANS HALL,,-,,,-,,.
MUS,220G,1,1,10340,NEW MUSIC CHAMBER ENSEMBLE,Y,,38,0,Peter Jarvis,1,,-,,,-,,,-,,.
MUS,220H,1,1,10341,CHAMBER MUSIC,Y,,38,0,. To Be Assigned,1,,-,,,-,,,-,,.
MUS,248,1,1,10342,WESTERN MUS 2:MOZART TO MODERN,,,28,0,. To Be Assigned,4,,-,,,-,,,-,,.
MUS,304,1,1,10343,ELECTROACOUSTIC MUSIC II,,Y,15,0,Andrew Greenwald,4,M W,1315-1430,CUM   108,,-,,,-,,.
MUS,308,1,1,10345,METHODS IN MUSIC EDUCATION,,,18,0,Wendy Moy,4,T R,1315-1430,CUM   224,,-,,,-,,.
MUS,324,1,1,10590,JAZZ HARMONY,,,18,0,Dale Wilson,4,T R,1150-1305,CUM   224,,-,,,-,,.
MUS,332,1,1,10346,COMPOSITION II,,,18,0,Andrew Greenwald,4,M W,1025-1140,CUM   108,,-,,,-,,.
MUS,415,1,1,10347,ADV INSTR/VOCAL STD:SR RECITAL,Y,,18,0,. To Be Assigned,4,,-,,,-,,,-,,.
MUS,493A,1,1,10591,CHINESE MUSIC & THEATER,,,16,0,Dale Wilson,4,T R,1445-1600,CUM   224,,-,,,-,,.
PHI,101,1,1,10030,INTRODUCTION TO PHILOSOPHY,,,28,0,Andrew Pessin,4,T R,1025-1140,,,-,,,-,,.
PHI,101,2,1,10031,INTRODUCTION TO PHILOSOPHY,,,28,0,Lindsay Crawford,4,T R,1445-1600,,,-,,,-,,.
PHI,201,1,1,10032,HIST OF ANCIENT PHILOSOPHY,,,28,0,Larry Vogel,4,M W,1025-1140,,,-,,,-,,.
PHI,206,1,1,10033,EXISTENTIAL PHILOSOPHY,,,28,0,Larry Vogel,4,T R,1315-1430,,,-,,,-,,.
PHI,228,1,1,10037,ENVIRONMENTAL PHILOSOPHY,,Y,25,0,Derek Turner,4,M W,1315-1430,,,-,,,-,,.
PHI,244,1,1,10016,MODERN POLITICAL THOUGHT,,Y,28,0,John Coats,4,T R,1315-1600,,,-,,,-,,.
PHI,277,1,1,10034,BURNING RELIGIOUS CONTROVERSY,,,28,0,Andrew Pessin,4,T R,1150-1305,,,-,,,-,,.
PHI,320,1,1,10038,DARWIN & EVOLUTNRY THOUGHT,,,28,0,Derek Turner,4,M W,0900-1015,,,-,,,-,,.
PHE,101C,1,1,10584,GOLF I,,,12,0,Mike MacDonald,1,T R,1445-1535,,,-,,,-,,.
PHE,101F,1,2,10414,INTERMEDIATE SWIMMING,,,12,0,Matthew Anderson,1,M W,1100-1150,,,-,,,-,,.
PHE,101G,1,2,10424,FITNESS I,,,18,0,William Wuyke,1,M W,0900-0950,,,-,,,-,,.
PHE,101G,2,2,10435,FITNESS I,,,18,0,Reuben Burk,1,M W,1445-1535,,,-,,,-,,.
PHE,101G,3,3,10436,FITNESS I,,,18,0,Reuben Burk,1,T R,1445-1535,,,-,,,-,,.
PHE,101M,1,2,10434,BEGINNING SQUASH,,,10,0,Mike MacDonald,1,T R,1445-1535,,,-,,,-,,.
PHE,101P,1,2,10415,INTERMEDIATE TENNIS,,,10,0,Christopher O'Brien,1,M   F,1150-1240,,,-,,,-,,.
PHE,101R,1,1,10416,RIDING,,,100,0,Christopher O'Brien,1,,-,,,-,,,-,,.
PHE,101S,1,1,10417,ADV BEGINNING RIDING,,,100,0,Christopher O'Brien,1,,-,,,-,,,-,,.
PHE,101T,1,1,10418,INTERMEDIATE RIDING,,,100,0,Christopher O'Brien,1,,-,,,-,,,-,,.
PHE,101V,1,1,10419,ADVANCED EQUITATION,,,100,0,Christopher O'Brien,1,,-,,,-,,,-,,.
PHE,101Z,1,2,10420,SKATING,,,18,0,Jim Ward,1,M W,1025-1115,,,-,,,-,,.
PHE,101Z,2,2,10421,SKATING,,,18,0,Kristin Steele,1,T R,1025-1115,,,-,,,-,,.
PHE,102B,1,2,10422,INDOOR ROWING,,,16,0,Richard Ricci,1,T R,1200-1250,,,-,,,-,,.
PHE,102O,1,2,10423,ROCK CLIMBING,,,6,0,Norm Riker,1,W,1315-1455,,,-,,,-,,.
PHE,104G,1,3,10431,FITNESS II,,,18,0,William Wuyke,1,M W,0900-0950,,,-,,,-,,.
PHE,104G,2,3,10432,FITNESS II,,,18,0,Christina Chappell,1,T R,1100-1150,,,-,,,-,,.
PHE,105E,1,2,10425,SCUBA DIVING,,,14,0,Christopher O'Brien,1,M W,1800-2200,,,-,,,-,,.
PHE,105E,2,3,10426,SCUBA DIVING,,,14,0,Christopher O'Brien,1,M,1800-2200,,,-,,,-,,.
PHE,110,1,3,10433,SPORTS LEADERSHIP,,,40,0,Mike MacDonald,2,T R,1100-1150,,,-,,,-,,.
PHE,124,1,1,10427,ESSENTIALS FITNESS/WELLNESS,,,25,0,Norm Riker,4,T R,1150-1305,,,-,,,-,,.
PHE,130,1,1,10428,THEORY OF COACHING,,,24,0,Luke Maher Ned Bishop,4,T R,0900-1015,,,-,,,-,,.
PHE,135,1,3,10429,STRESS MANAGEMENT,,,18,0,Christina Chappell,1,T R,1025-1115,,,-,,,-,,.
PHE,221,1,1,10430,CONTEMPORARY ISSUES IN SPORT,,,18,0,Jim Ward,4,T R,1315-1430,,,-,,,-,,.
PHY,108,1,1,10104,GENERAL PHYSICS,,,45,0,Daniel Maser,4,T R,1025-1140,HALE  BROWN,,-,,,-,,.
PHY,108L,1,1,10105,GENERAL PHYSICS LAB,,,15,0,,0,W,1315-1600,OLIN  216,,-,,,-,,.
PHY,108L,2,1,10106,GENERAL PHYSICS LAB,,,15,0,Daniel Maser,0,R,1315-1600,OLIN  216,,-,,,-,,.
PHY,110,1,1,10107,ADVANCED GENERAL PHYSICS II,,,18,0,Michael Weinstein,4,T R,1315-1600,OLIN  111,,-,,,-,,.
PHY,213,1,1,10108,ELECTRONICS FOR SCIENTISTS,,Y,10,0,Mohamed Diagne,4,,-,,,-,,,-,,.
PHY,404,1,1,10110,QUANTUM MECHANICS,,,18,0,Mohamed Diagne,4,T R,1315-1430,OLIN  209,,-,,,-,,.
PSY,100,1,1,10390,INTRODUCTION TO PSYCHOLOGY,,,15,0,Jennifer Gorman,4,M,1025-1225,BIL   211,,-,,,-,,.
PSY,100,2,1,10391,INTRODUCTION TO PSYCHOLOGY,,,15,0,Jennifer Gorman,4,M,1315-1515,BIL   211,,-,,,-,,.
PSY,100,3,1,10392,INTRODUCTION TO PSYCHOLOGY,,,15,0,Jennifer Gorman,4,W,1025-1150,BIL   211,,-,,,-,,.
PSY,100,4,1,10393,INTRODUCTION TO PSYCHOLOGY,,,15,0,Jennifer Gorman,4,W,1315-1515,BIL   211,,-,,,-,,.
PSY,100,5,1,10394,INTRODUCTION TO PSYCHOLOGY,,,15,0,Jillian Marshall,4,T R,1025-1140,BIL   SILFEN AUD,,-,,,-,,.
PSY,100,6,1,10395,INTRODUCTION TO PSYCHOLOGY,,,15,0,Jillian Marshall,4,T R,1025-1140,BIL   SILFEN AUD,T,1315-1515,BIL   211,,-,,.
PSY,100,7,1,10396,INTRODUCTION TO PSYCHOLOGY,,,15,0,Jillian Marshall,4,T R,1025-1140,BIL   SILFEN AUD,R,1315-1515,BIL   211,,-,,.
PSY,100,8,1,10397,INTRODUCTION TO PSYCHOLOGY,,,15,0,Jillian Marshall,4,T R,1025-1140,BIL   SILFEN AUD,F,1025-1225,BIL   211,,-,,.
PSY,201,1,1,10398,PSYCHOLOGICAL STATISTICS,,,18,0,Jeff Moher,4,W F,1025-1140,,W,1900-1950,LIB   PC CLASS,,-,,.
PSY,201,2,1,10399,PSYCHOLOGICAL STATISTICS,,,18,0,Jeff Moher,4,W F,1025-1140,,W,2000-2050,LIB   PC CLASS,,-,,.
PSY,202,1,1,10400,RESEARCH METH IN PSYCHOLOGY,Y,,25,0,Ann Devlin,4,T R,1025-1140,,,-,,,-,,.
PSY,202,2,1,10401,RESEARCH METH IN PSYCHOLOGY,,,25,0,Patrick Rich,4,M W,1025-1140,,,-,,,-,,.
PSY,206,1,1,10402,SOCIAL PSYCHOLOGY,,,38,0,,4,,-,,,-,,,-,,.
PSY,210,1,1,10403,PSYCHOLOG DISORDERS/DYSFUNCT,,,38,0,Audrey Zakriski,4,W F,1315-1430,,,-,,,-,,.
PSY,214,1,1,10173,BIOPSYCHOLOGY,,Y,38,0,Ruth Grahn,4,T R,0900-1015,,,-,,,-,,.
PSY,215,1,1,10404,SENSATION AND PERCEPTION,,,38,0,Joseph Schroeder,4,T R,1150-1305,,,-,,,-,,.
PSY,307,1,1,10405,COGNITIVE PROCESSES,,,28,0,Ann Devlin,4,T R,1315-1430,,,-,,,-,,.
PSY,322,1,1,10179,PSYCHOPHARMACOLOGY,,Y,16,0,Ruth Grahn,4,W F,0900-1015,,R,1315-1600,BIL   314,,-,,.
PSY,336,1,1,10183,NEUROBIOLOGY OF DISEASE,,Y,18,0,Joseph Schroeder,4,M,1315-1600,,,-,,,-,,.
PSY,343,1,1,10406,COGNITIVE BRAIN IMAGING,,,18,0,Joseph Schroeder,4,W,1315-1600,,,-,,,-,,.
PSY,405,1,1,10407,SEM IN PSYCHOPATHOLOGY,,,16,0,,4,R,0900-1145,,,-,,,-,,.
PSY,413,1,1,10408,SELF-DESTRUCTIVE BEHAVIOR,,,16,0,Michael Armey,4,T,1900-2145,,,-,,,-,,.
PSY,416,1,1,10409,CONTROVERSIES IN MENTAL HEALTH,,,15,0,Nakia Hamlett,4,T R,0900-1015,,,-,,,-,,.
PSY,423,1,1,10410,COUPLES & FAMILY THERAPY,,,15,0,,4,M,0900-1145,,,-,,,-,,.
REL,102,1,1,10551,INTRO GLOBAL ISLAMIC STUDIES,,Y,28,0,,4,M W,1445-1600,,,-,,,-,,.
REL,165A,1,1,10587,AFRO-CARIBBEAN DANCE I,,Y,38,0,Rosemarie Roberts,4,M W,1315-1430,CRO   MYERS,,-,,,-,,.
REL,248,1,1,10476,HOLOCAUST/POST-HOL RESPONSES,,Y,28,0,Sharon Portnoff,4,T R,1445-1600,,,-,,,-,,.
REL,298,1,1,10459,CC:RELIGIOUS PRACTICES/ECOLOGY,,Y,28,0,Sufia Uddin,4,,-,,,-,,,-,,.
REL,425,1,1,10478,ANTISEMITISM,,Y,16,0,Sharon Portnoff,4,T R,1025-1140,,,-,,,-,,.
RUS,102,1,1,10456,ELEMENTARY RUSSIAN,,,18,0,Andrea Lanoux,5,M W F,0900-1015,,,-,,,-,,.
RUS,202,1,1,10457,INTERMEDIATE RUSSIAN,,,18,0,Laura Little,4,M W F,0900-1015,,,-,,,-,,.
SLA,107,1,1,10284,"CC:NOMADS, SHAMANS, & MYSTICS",,Y,28,0,Denis Ferhatovic,4,T R,1025-1140,,,-,,,-,,.
SLA,226,1,1,10458,LANGUAGE IN CULTURE,,,28,0,Petko Ivanov,4,T R,1025-1140,,,-,,,-,,.
SLA,490,1,1,10029,NAT'L DIVERSITY/GLOBL CAPIT,,Y,16,0,John Tian,4,W,1900-2145,,,-,,,-,,.
SLA,494,1,1,10465,ADVANCED STUDY SEMINAR,,,16,0,Petko Ivanov,4,T R,1315-1430,,,-,,,-,,.
SOC,103,1,1,10227,INTRODUCTION TO SOCIOLOGY,,,25,0,Ana Campos-Manzo,4,M W,1900-2015,,,-,,,-,,.
SOC,103,2,1,10228,INTRODUCTION TO SOCIOLOGY,,,25,0,Ana Campos-Manzo,4,M W,1615-1730,,,-,,,-,,.
SOC,103,3,1,10229,INTRODUCTION TO SOCIOLOGY,,,25,0,Ronald Flores,4,W F,1315-1430,,,-,,,-,,.
SOC,103,4,1,10230,INTRODUCTION TO SOCIOLOGY,,,25,0,Robert Gay,4,M W,1025-1140,,,-,,,-,,.
SOC,204,1,1,10231,THE SOCIOLOGY OF WALMART,,,16,0,Robert Gay,4,T R,1315-1430,,,-,,,-,,.
SOC,208,1,1,10232,RACE/GENDER AND THE MASS MEDIA,,Y,28,0,Cherise Harris,4,T R,1445-1600,,,-,,,-,,.
SOC,224,1,1,10234,URBAN SOCIOLOGY,,,25,0,Ronald Flores,4,T R,1150-1305,,,-,,,-,,.
SOC,262,1,1,10236,SOCIOLOGY OF FAMILIES,,,28,0,Ronald Flores,4,W F,1025-1140,,,-,,,-,,.
SOC,310,1,1,10238,RACIAL IDENTITY IN AMERICA,,Y,25,0,Cherise Harris,4,T R,1315-1430,,,-,,,-,,.
SOC,325,1,1,10237,FOUND/DEVELOP SOC THEORY,,,16,0,Robert Gay,4,M W,1315-1430,,,-,,,-,,.
STA,107,1,1,10355,INTRODUCTION TO STATISTICS,,,28,0,Whit Irwin,4,MT R,1615-1730,,,-,,,-,,.
STA,107,2,1,10356,INTRODUCTION TO STATISTICS,,,28,0,Priya Kohli,4,T RF,1150-1305,,,-,,,-,,.
STA,206,1,1,10357,STATISTICAL METHODS,,,28,0,Yan Zhuang,4,M W,0900-1015,,,-,,,-,,.
STA,207,1,1,10358,ADVANCED REGRESSION TECHNIQ,,,28,0,Yan Zhuang,4,M W,1315-1430,,,-,,,-,,.
STA,209,1,1,10359,INTRO TO TIME SERIES ANALYSIS,,,28,0,Priya Kohli,4,T R,1025-1140,,,-,,,-,,.
THE,104,1,1,10491,ACTING I: PREPARATION,,,16,0,David Jaffe,4,M W,0940-1140,,,-,,,-,,.
THE,212,1,1,10492,PLAYWRITING: EXPOS TO THE ELEM,,,16,0,Ken Prestininzi,4,M W,0500-1700,,,-,,,-,,.
THE,213A,1,1,10493,PRACTICUM:PRODUCTION INTENSIVE,Y,,28,0,Sabrina Notarfrancisco,1,,-,,,-,,,-,,.
THE,213A,2,1,10494,PRACTICUM:PRODUCTION INTENSIVE,Y,,28,0,Alison Andersen,1,,-,,,-,,,-,,.
THE,213B,1,1,10495,PRACTICUM:PRODUCTION INTENSIVE,Y,,28,0,Sabrina Notarfrancisco,1,,-,,,-,,,-,,.
THE,215A,1,1,10496,PRACTICUM:PRODUCTION PROCESS,Y,,28,0,Alison Andersen,2,,-,,,-,,,-,,.
THE,215A,2,1,10497,PRACTICUM:PRODUCTION PROCESS,Y,,28,0,Ken Prestininzi,2,,-,,,-,,,-,,.
THE,215A,3,1,10498,PRACTICUM:PRODUCTION PROCESS,Y,,28,0,Sabrina Notarfrancisco,2,,-,,,-,,,-,,.
THE,215B,1,1,10499,PRACTICUM:PRODUCTION PROCESS,Y,,28,0,Alison Andersen,2,,-,,,-,,,-,,.
THE,215B,2,1,10500,PRACTICUM:PRODUCTION PROCESS,Y,,28,0,Sabrina Notarfrancisco,2,,-,,,-,,,-,,.
THE,231,1,1,10502,USA PLAYS/AMERICAN DRAMA,,Y,18,0,Ken Prestininzi,4,M W,1315-1430,,,-,,,-,,.
THE,243,1,1,10501,STAGE MGMT: THE HEART OF IT,,,14,0,Alison Andersen,4,T R,1150-1305,,,-,,,-,,.
THE,247,1,1,10504,COSTUME DESIGN AND CONSTRUCTN,,,10,0,Sabrina Notarfrancisco,4,M W,1445-1645,,,-,,,-,,.
THE,276,1,2,10338,MUSICAL THEATER ENSEMBLE,Y,Y,38,0,. To Be Assigned,1,,-,,,-,,,-,,.
THE,313A,1,1,10506,PRACTICUM: PROD APPRENTICESHIP,Y,,28,0,Alison Andersen,2,,-,,,-,,,-,,.
THE,313B,1,1,10507,PRACTICUM: PROD APPRENTICESHIP,Y,,28,0,,2,,-,,,-,,,-,,.
THE,325,1,1,10280,THEATERMAKING 3,,,12,0,,4,M W,1315-1430,,F,1315-1600,,,-,,.
THE,341,1,1,10505,THEATER AND CULTURE II,,,18,0,,4,T R,1025-1140,,,-,,,-,,.